,coef,std_err,p_value,vif
const,-1.9379102405875785,0.008964095048484104,0.0,
fico,-0.8144661331643908,0.028871777300495824,4.4378930280813285e-175,1.4896316501439788
annual_inc,-0.6599017792631718,0.033997161854523165,6.291662520578004e-84,1.3934306228940647
loan_to_income,-0.7103461736064713,0.04585650281518682,4.0133079861499784e-54,1.188085018622031
inq_last_6mths,-1.1055300444015042,0.04385919954840964,3.4129765487466905e-140,1.044833023276186
purpose,-1.0631223741850153,0.04687746416332424,7.2619948014559e-114,1.0090196283415376
dti,-0.48212898240398877,0.049175650196704675,1.0797604145815454e-22,1.139803588185677
revol_util,-0.3177670566496786,0.05792911651582646,4.124268801504945e-08,1.5126389433751246
home_ownership,-0.4285106015124444,0.05358497570310105,1.276505375712126e-15,1.1571278488529078
credit_hist_years,-0.18526841676816588,0.06512490137463091,0.004443696568893109,1.170451447182401
