,iv,strength,n_bins
fico,0.14172566728573205,medium,10
annual_inc,0.09340632936351163,weak,11
loan_to_income,0.04136371921523108,weak,9
inq_last_6mths,0.04000013040582901,weak,5
mort_acc,0.03804336824637837,weak,7
purpose,0.035170659925872136,weak,10
dti,0.03514312909874034,weak,9
revol_util,0.0341498713361797,weak,11
home_ownership,0.031083648393376212,weak,4
credit_hist_years,0.020577452722551876,weak,8
emp_length_yrs,0.013911630746776284,useless,5
total_acc,0.013399489289870956,useless,10
revol_bal,0.01093678337799333,useless,7
loan_amnt,0.005437857866747636,useless,6
pub_rec,0.0013165797217843456,useless,3
open_acc,0.0007469864908574588,useless,4
verification_status,0.0005672228449398126,useless,3
delinq_2yrs,1.9113327384940106e-05,useless,3
