band,min_score,max_score,n,bads,bad_rate,monotonic
1,490.8073441414057,539.7841235544594,12280,3078,0.2506514657980456,True
2,539.7841235544594,546.5428692374529,12280,2381,0.19389250814332248,True
3,546.5430496909423,551.5593018133125,12280,2010,0.16368078175895764,True
4,551.5593967880177,556.0661799042368,12279,1764,0.1436599071585634,True
5,556.0662817011965,560.372203149983,12280,1567,0.12760586319218242,True
6,560.3725249496126,564.8274481938824,12280,1334,0.10863192182410424,True
7,564.8275527448553,569.7800288969179,12279,1178,0.09593615115237397,True
8,569.7801993324478,575.779559736685,12280,998,0.08127035830618892,True
9,575.7797975514952,584.6544803608133,12280,766,0.06237785016286645,True
10,584.6558065250302,619.2956381389681,12280,434,0.035342019543973945,True
