feature,bin,woe,points,pct_of_sample,bad_rate
fico,"(-inf, 667]",-0.4442368179889841,52,0.1337073893711624,0.18393324806626468
fico,"(667, 672]",-0.3162053765588085,55,0.07475691786511181,0.16546840958605666
fico,"(672, 682]",-0.20881478173442478,57,0.14856105148292317,0.15118127500959272
fico,"(682, 687]",-0.15899215098419212,58,0.07088063323506898,0.14487591911764705
fico,"(687, 697]",-0.07044662642088119,60,0.13537679766771446,0.13426371511068336
fico,"(697, 702]",0.13423468861064058,65,0.05917034479388915,0.1121662537847509
fico,"(702, 712]",0.17222096891030106,66,0.09926057427645402,0.10845844613996226
fico,"(712, 727]",0.33091227700372366,70,0.10556360852782619,0.09403687418035948
fico,"(727, 747]",0.5243034073075249,74,0.07927653544846007,0.07878787878787878
fico,"(747, inf]",0.9677575292324,85,0.09344614733138976,0.052026143790849674
annual_inc,"(-inf, 3.1e+04]",-0.46323414797007745,53,0.10349517093112266,0.18679675820284838
annual_inc,"(3.1e+04, 3.9e+04]",-0.3477767289743268,55,0.09745272724311471,0.1698838472465948
annual_inc,"(3.9e+04, 4.5e+04]",-0.1915731167970676,58,0.10839753090441212,0.1489745323416723
annual_inc,"(4.5e+04, 5.2e+04]",-0.06272137811790751,61,0.09074252023648594,0.1333572646504532
annual_inc,"(5.2e+04, 6e+04]",-0.029002668872876173,61,0.13002654766364274,0.12951712907872487
annual_inc,"(6e+04, 6.75e+04]",0.07498988342835422,63,0.07005814426945065,0.11821457631058933
annual_inc,"(6.75e+04, 7.8e+04]",0.16023076767721342,65,0.10288441179823776,0.10962482190913408
annual_inc,"(7.8e+04, 9.003e+04]",0.3114464698300557,68,0.096915259206176,0.09570624317284261
annual_inc,"(9.003e+04, 1.152e+05]",0.4650185875440184,71,0.10001791560123129,0.08321120338707051
annual_inc,"(1.152e+05, inf]",0.4850178190329819,71,0.09997719832570563,0.08169748309847683
annual_inc,Missing,0.2631927471160278,67,3.2573820420528024e-05,0.0
loan_to_income,"(-inf, 0.06849]",0.2090178124924236,66,0.10001791560123129,0.10495033382185312
loan_to_income,"(0.06849, 0.1263]",0.1961915223122218,66,0.20010097884330363,0.10617776330783005
loan_to_income,"(0.1263, 0.1533]",0.17486794732958433,66,0.09987133340933892,0.10820287018917156
loan_to_income,"(0.1533, 0.1795]",0.11573742823327472,64,0.10025407579928011,0.11404435058078141
loan_to_income,"(0.1795, 0.2419]",0.016352286451621234,62,0.20002768774735744,0.1244961934617107
loan_to_income,"(0.2419, 0.284]",-0.13371896993685334,59,0.09970846430723627,0.14178373080692583
loan_to_income,"(0.284, 0.3396]",-0.27118026757862124,56,0.10000977214612616,0.15935184431235241
loan_to_income,"(0.3396, inf]",-0.37316115444710546,54,0.09997719832570563,0.17349515353913822
loan_to_income,Missing,0.2631927471160278,67,3.2573820420528024e-05,0.0
inq_last_6mths,"(-inf, 0]",0.17362955676473035,68,0.5089089398850144,0.108348134991119
inq_last_6mths,"(0, 1]",-0.03713109365077127,61,0.27761038453395004,0.13044881196831914
inq_last_6mths,"(1, 2]",-0.20700178891422993,55,0.1287235948468216,0.1509457835136332
inq_last_6mths,"(2, inf]",-0.4404819268269565,48,0.08456163781169074,0.18335901386748846
inq_last_6mths,Missing,0.2631927471160278,70,0.00019544292252316812,0.08333333333333333
purpose,small_business,-0.6959320713099224,41,0.020081760289255526,0.22465531224655313
purpose,other,-0.29072273234095547,53,0.0606850274434437,0.1619699409554482
purpose,OTHER,-0.25622559092233405,54,0.02485382498086288,0.15727391874180865
purpose,medical,-0.249225233674326,54,0.010895942930666624,0.156203288490284
purpose,debt_consolidation,-0.030715887929817866,61,0.5466294239319859,0.12972811918063315
purpose,wedding,0.08893825237639405,65,0.011180963859346244,0.11653313911143481
purpose,home_improvement,0.13620559670051682,66,0.0570204726461343,0.11196800914024564
purpose,credit_card,0.2159525022513996,69,0.22685222886366227,0.10431848368453171
purpose,car,0.26678019490968374,70,0.01514682649554553,0.09946236559139784
purpose,major_purchase,0.2972517667079466,71,0.026653528559097053,0.09685304002444241
dti,"(-inf, 9.08]",0.2431253338857524,65,0.20037785631687813,0.10180443794196538
dti,"(9.08, 11.46]",0.19061067571045456,65,0.10014006742780827,0.10669268927380662
dti,"(11.46, 13.62]",0.12081029431084805,64,0.09977361194807734,0.11353248449232778
dti,"(13.62, 15.72]",0.08699731478080867,63,0.10003420251144156,0.1169814392705959
dti,"(15.72, 17.88]",-0.016127749027510158,62,0.09996091141549536,0.12806517311608961
dti,"(17.88, 20.22]",-0.06506879785158788,61,0.10000162869102103,0.13363192182410424
dti,"(20.22, 22.88]",-0.14165473976434156,60,0.10000162869102103,0.14275244299674267
dti,"(22.88, 26.47]",-0.2280068601355697,59,0.09990390722975945,0.15365177698076296
dti,"(26.47, inf]",-0.30785712543056737,58,0.09980618576849785,0.1643276762402089
revol_util,"(-inf, 20.9]",0.40158079526531937,66,0.1001970716135442,0.08818270481144343
revol_util,"(20.9, 33.6]",0.22737440527211086,64,0.1000993501522826,0.1032378782948259
revol_util,"(33.6, 42.8]",0.09868463672307073,63,0.10001791560123129,0.11577918905715681
revol_util,"(42.8, 50.6]",0.04195506505971407,62,0.09982247267870813,0.12171643008647413
revol_util,"(50.6, 57.7]",0.02060094026179749,62,0.09954559520513363,0.12401832460732984
revol_util,"(57.7, 64.6]",0.011225150947758927,62,0.09970846430723627,0.1250408363279974
revol_util,"(64.6, 71.5]",-0.08736636986839849,61,0.10119871659147543,0.13623561599742495
revol_util,"(71.5, 78.9]",-0.1553899618551578,61,0.09911399208456163,0.14444170569386247
revol_util,"(78.9, 87.3]",-0.1559217097925147,61,0.10008306324207235,0.14450772986167615
revol_util,"(87.3, inf]",-0.27598715572629734,59,0.09909770517435137,0.15999671295915852
revol_util,Missing,-0.24419349234805338,60,0.0011156533494030847,0.15328467153284672
home_ownership,OTHER,-0.38983443965449216,57,0.0013110962719262529,0.17391304347826086
home_ownership,RENT,-0.16925102090898705,60,0.4462613397612339,0.14618613138686132
home_ownership,OWN,-0.05815678558995628,61,0.08374729230117754,0.13282769350447296
home_ownership,MORTGAGE,0.1973594728249758,64,0.4686802716656623,0.10607613851580283
credit_hist_years,"(-inf, 6.834]",-0.2978955660509917,60,0.10044137526669815,0.1629641640992379
credit_hist_years,"(6.834, 12.25]",-0.07670035517610482,62,0.29985016042606555,0.13500448113848076
credit_hist_years,"(12.25, 15.09]",0.009933108301186868,62,0.20079317252723985,0.12519771261710672
credit_hist_years,"(15.09, 17.17]",0.07617248828444534,62,0.09949673447450284,0.11810443607791783
credit_hist_years,"(17.17, 19.83]",0.13829518394049567,63,0.0995130213847131,0.11178396072013093
credit_hist_years,"(19.83, 24.59]",0.16476263337808955,63,0.10039251453606736,0.10918234912394549
credit_hist_years,"(24.59, inf]",0.2046377009929187,63,0.09931757846218994,0.10536241390619876
credit_hist_years,Missing,0.2631927471160278,63,0.00019544292252316812,0.08333333333333333
