feature,iv,decision,reason
fico,0.14172566728573205,kept,
annual_inc,0.09340632936351163,kept,
loan_to_income,0.04136371921523108,kept,
inq_last_6mths,0.04000013040582901,kept,
mort_acc,0.03804336824637837,dropped,21% missing > 10%
purpose,0.035170659925872136,kept,
dti,0.03514312909874034,kept,
revol_util,0.0341498713361797,kept,
home_ownership,0.031083648393376212,kept,
credit_hist_years,0.020577452722551876,kept,
emp_length_yrs,0.013911630746776284,dropped,IV 0.014 < 0.02
total_acc,0.013399489289870956,dropped,IV 0.013 < 0.02
revol_bal,0.01093678337799333,dropped,IV 0.011 < 0.02
loan_amnt,0.005437857866747636,dropped,IV 0.005 < 0.02
pub_rec,0.0013165797217843456,dropped,IV 0.001 < 0.02
open_acc,0.0007469864908574588,dropped,IV 0.001 < 0.02
verification_status,0.0005672228449398126,dropped,IV 0.001 < 0.02
delinq_2yrs,1.9113327384940106e-05,dropped,IV 0.000 < 0.02
