feature,bin,n,pct_of_sample,bads,bad_rate,woe,iv_contrib
loan_amnt,"(-inf, 4,000]",13016.0,0.10599521164839819,1759.0,0.13514136447449293,-0.07802693480610465,0.0006644057722674402
loan_amnt,"(4,000, 1e+04]",51818.0,0.42197755663773023,6851.0,0.13221274460612142,-0.05255943000432147,0.00118880879763474
loan_amnt,"(1e+04, 1.2e+04]",13370.0,0.10887799475561491,1675.0,0.12528047868362005,0.009060694020207784,8.908909632337822e-06
loan_amnt,"(1.2e+04, 1.475e+04]",7770.0,0.06327464616687568,963.0,0.12393822393822394,0.02117590647330196,2.815336724954402e-05
loan_amnt,"(1.475e+04, 1.748e+04]",12267.0,0.09989576377465431,1508.0,0.12293144208037825,0.030641475415291552,9.273070565565891e-05
loan_amnt,"(1.748e+04, inf]",24557.0,0.19997882701672665,2754.0,0.11214724925683105,0.1348027392160876,0.003454850314307915
annual_inc,"(-inf, 3.1e+04]",12709.0,0.10349517093112266,2374.0,0.18679675820284838,-0.46323414797007745,0.026293453543389557
annual_inc,"(3.1e+04, 3.9e+04]",11967.0,0.09745272724311471,2033.0,0.1698838472465948,-0.3477767289743268,0.013393716301056582
annual_inc,"(3.9e+04, 4.5e+04]",13311.0,0.10839753090441212,1983.0,0.1489745323416723,-0.1915731167970676,0.004271239003310723
annual_inc,"(4.5e+04, 5.2e+04]",11143.0,0.09074252023648594,1486.0,0.1333572646504532,-0.06272137811790751,0.00036545651715224725
annual_inc,"(5.2e+04, 6e+04]",15967.0,0.13002654766364274,2068.0,0.12951712907872487,-0.029002668872876173,0.00011056992816418565
annual_inc,"(6e+04, 6.75e+04]",8603.0,0.07005814426945065,1017.0,0.11821457631058933,0.07498988342835422,0.0003831012587086992
annual_inc,"(6.75e+04, 7.8e+04]",12634.0,0.10288441179823776,1385.0,0.10962482190913408,0.16023076767721342,0.00248739475151382
annual_inc,"(7.8e+04, 9.003e+04]",11901.0,0.096915259206176,1139.0,0.09570624317284261,0.3114464698300557,0.008360898200081256
annual_inc,"(9.003e+04, 1.152e+05]",12282.0,0.10001791560123129,1022.0,0.08321120338707051,0.4650185875440184,0.0181499592760103
annual_inc,"(1.152e+05, inf]",12277.0,0.09997719832570563,1003.0,0.08169748309847683,0.4850178190329819,0.019587986057773475
annual_inc,Missing,4.0,3.2573820420528024e-05,0.0,0.0,0.2631927471160278,2.554526350804776e-06
loan_to_income,"(-inf, 0.06849]",12282.0,0.10001791560123129,1289.0,0.10495033382185312,0.2090178124924236,0.004039746074662059
loan_to_income,"(0.06849, 0.1263]",24572.0,0.20010097884330363,2609.0,0.10617776330783005,0.1961915223122218,0.007154919005232399
loan_to_income,"(0.1263, 0.1533]",12264.0,0.09987133340933892,1327.0,0.10820287018917156,0.17486794732958433,0.0028600159121907427
loan_to_income,"(0.1533, 0.1795]",12311.0,0.10025407579928011,1404.0,0.11404435058078141,0.11573742823327472,0.001285973534564273
loan_to_income,"(0.1795, 0.2419]",24563.0,0.20002768774735744,3058.0,0.1244961934617107,0.016352286451621234,5.316298431736278e-05
loan_to_income,"(0.2419, 0.284]",12244.0,0.09970846430723627,1736.0,0.14178373080692583,-0.13371896993685334,0.001873854406776842
loan_to_income,"(0.284, 0.3396]",12281.0,0.10000977214612616,1957.0,0.15935184431235241,-0.27118026757862124,0.008129241192295735
loan_to_income,"(0.3396, inf]",12277.0,0.09997719832570563,2130.0,0.17349515353913822,-0.37316115444710546,0.015964251578840866
loan_to_income,Missing,4.0,3.2573820420528024e-05,0.0,0.0,0.2631927471160278,2.554526350804776e-06
dti,"(-inf, 9.08]",24606.0,0.20037785631687813,2505.0,0.10180443794196538,0.2431253338857524,0.010809513253028948
dti,"(9.08, 11.46]",12297.0,0.10014006742780827,1312.0,0.10669268927380662,0.19061067571045456,0.003387113865854485
dti,"(11.46, 13.62]",12252.0,0.09977361194807734,1391.0,0.11353248449232778,0.12081029431084805,0.0013918005222632861
dti,"(13.62, 15.72]",12284.0,0.10003420251144156,1437.0,0.1169814392705959,0.08699731478080867,0.0007328851587671551
dti,"(15.72, 17.88]",12275.0,0.09996091141549536,1572.0,0.12806517311608961,-0.016127749027510158,2.615947235580969e-05
dti,"(17.88, 20.22]",12280.0,0.10000162869102103,1641.0,0.13363192182410424,-0.06506879785158788,0.00043383217571825233
dti,"(20.22, 22.88]",12280.0,0.10000162869102103,1753.0,0.14275244299674267,-0.14165473976434156,0.002115238314630253
dti,"(22.88, 26.47]",12268.0,0.09990390722975945,1885.0,0.15365177698076296,-0.2280068601355697,0.005651189069549288
dti,"(26.47, inf]",12256.0,0.09980618576849785,2014.0,0.1643276762402089,-0.30785712543056737,0.010595397266572862
fico,"(-inf, 667]",16419.0,0.1337073893711624,3020.0,0.18393324806626468,-0.4442368179889841,0.031031058425964462
fico,"(667, 672]",9180.0,0.07475691786511181,1519.0,0.16546840958605666,-0.3162053765588085,0.00839792672094473
fico,"(672, 682]",18243.0,0.14856105148292317,2758.0,0.15118127500959272,-0.20881478173442478,0.00699888505628257
fico,"(682, 687]",8704.0,0.07088063323506898,1261.0,0.14487591911764705,-0.15899215098419212,0.0019009007996467467
fico,"(687, 697]",16624.0,0.13537679766771446,2232.0,0.13426371511068336,-0.07044662642088119,0.0006897513823436045
fico,"(697, 702]",7266.0,0.05917034479388915,815.0,0.1121662537847509,0.13423468861064058,0.001013949660332813
fico,"(702, 712]",12189.0,0.09926057427645402,1322.0,0.10845844613996226,0.17222096891030106,0.002759877664123733
fico,"(712, 727]",12963.0,0.10556360852782619,1219.0,0.09403687418035948,0.33091227700372366,0.010205450284572287
fico,"(727, 747]",9735.0,0.07927653544846007,767.0,0.07878787878787878,0.5243034073075249,0.017883232095254237
fico,"(747, inf]",11475.0,0.09344614733138976,597.0,0.052026143790849674,0.9677575292324,0.06084463519626687
credit_hist_years,"(-inf, 6.834]",12334.0,0.10044137526669815,2010.0,0.1629641640992379,-0.2978955660509917,0.009948046522047036
credit_hist_years,"(6.834, 12.25]",36821.0,0.29985016042606555,4971.0,0.13500448113848076,-0.07670035517610482,0.0018151878491439004
credit_hist_years,"(12.25, 15.09]",24657.0,0.20079317252723985,3087.0,0.12519771261710672,0.009933108301186868,1.9738958874812382e-05
credit_hist_years,"(15.09, 17.17]",12218.0,0.09949673447450284,1443.0,0.11810443607791783,0.07617248828444534,0.0005611085824767562
credit_hist_years,"(17.17, 19.83]",12220.0,0.0995130213847131,1366.0,0.11178396072013093,0.13829518394049567,0.0018071258645011726
credit_hist_years,"(19.83, 24.59]",12328.0,0.10039251453606736,1346.0,0.10918234912394549,0.16476263337808955,0.002562010384339146
credit_hist_years,"(24.59, inf]",12196.0,0.09931757846218994,1285.0,0.10536241390619876,0.2046377009929187,0.003851461929415029
credit_hist_years,Missing,24.0,0.00019544292252316812,2.0,0.08333333333333333,0.2631927471160278,1.2772631754023881e-05
emp_length_yrs,"(-inf, 1]",18963.0,0.15442433915861822,2461.0,0.12977904340030585,-0.031290865855520954,0.00015298406488215143
emp_length_yrs,"(1, 7]",53640.0,0.4368149318392808,6789.0,0.12656599552572706,-0.0024261061292345605,2.5734685735326125e-06
emp_length_yrs,"(7, 9]",9966.0,0.08115767357774556,1225.0,0.12291792093116596,0.030701045449344825,7.562955589536514e-05
emp_length_yrs,"(9, inf]",34912.0,0.2843043046303686,4042.0,0.11577681026581119,0.09890589264855464,0.0026800118224206164
emp_length_yrs,Missing,5317.0,0.04329875079398687,993.0,0.18675945081813053,-0.4632140864654966,0.011000431835004619
inq_last_6mths,"(-inf, 0]",62493.0,0.5089089398850144,6771.0,0.108348134991119,0.17362955676473035,0.014373713117037397
inq_last_6mths,"(0, 1]",34090.0,0.27761038453395004,4447.0,0.13044881196831914,-0.03713109365077127,0.00038809824147906
inq_last_6mths,"(1, 2]",15807.0,0.1287235948468216,2386.0,0.1509457835136332,-0.20700178891422993,0.005955566606125646
inq_last_6mths,"(2, inf]",10384.0,0.08456163781169074,1904.0,0.18335901386748846,-0.4404819268269565,0.01926997980943288
inq_last_6mths,Missing,24.0,0.00019544292252316812,2.0,0.08333333333333333,0.2631927471160278,1.2772631754023881e-05
open_acc,"(-inf, 5]",13603.0,0.11077541979511067,1833.0,0.1347496875689186,-0.07466213749593463,0.000634977220830138
open_acc,"(5, 12]",74244.0,0.6046026808254206,9327.0,0.12562631323743334,0.006118376637462122,2.2581622438872697e-05
open_acc,"(12, inf]",34927.0,0.28442645645694553,4348.0,0.12448821828384918,0.016467061543451143,7.665501583442416e-05
open_acc,Missing,24.0,0.00019544292252316812,2.0,0.08333333333333333,0.2631927471160278,1.2772631754023881e-05
total_acc,"(-inf, 10]",12484.0,0.10166289353246795,1905.0,0.15259532201217557,-0.21985810521776292,0.00533107609581265
total_acc,"(10, 14]",15215.0,0.12390266942458346,2169.0,0.14255668747946107,-0.1400086579133203,0.0025586436690144257
total_acc,"(14, 17]",13606.0,0.11079985016042607,1796.0,0.13200058797589298,-0.05088319147600236,0.00029238952899386406
total_acc,"(17, 19]",9211.0,0.0750093649733709,1170.0,0.12702203886657257,-0.006847205215455001,3.526146121308862e-06
total_acc,"(19, 22]",13721.0,0.11173634749751625,1703.0,0.12411631805262008,0.019730340967503392,4.318082689048336e-05
total_acc,"(22, 25]",12418.0,0.10112542549552925,1509.0,0.1215171525205347,0.043823668895620074,0.00019106877884679632
total_acc,"(25, 32]",22455.0,0.18286128438573918,2584.0,0.11507459363170786,0.10572264852977994,0.001964537981520571
total_acc,"(32, 39]",12624.0,0.10280297724718644,1443.0,0.11430608365019011,0.11315807654359061,0.0012617687088160266
total_acc,"(39, inf]",11040.0,0.08990374436065734,1229.0,0.11132246376811594,0.14291575419293828,0.0017405249221008057
total_acc,Missing,24.0,0.00019544292252316812,2.0,0.08333333333333333,0.2631927471160278,1.2772631754023881e-05
revol_bal,"(-inf, 8,781]",49123.0,0.4000309451293995,6580.0,0.13394947376992447,-0.06761547861937894,0.001875597138193498
revol_bal,"(8,781, 1.088e+04]",12284.0,0.10003420251144156,1640.0,0.1335070009768805,-0.06398957680555468,0.0004195288636609774
revol_bal,"(1.088e+04, 1.333e+04]",12274.0,0.09995276796039024,1619.0,0.13190483949812612,-0.05007309907419494,0.00025535844906130633
revol_bal,"(1.333e+04, 1.654e+04]",12279.0,0.09999348523591589,1604.0,0.13062953009202705,-0.038892615362667735,0.00015347730634849638
revol_bal,"(1.654e+04, 2.12e+04]",12279.0,0.09999348523591589,1436.0,0.11694763417216386,0.08732439246892576,0.00073801503469571
revol_bal,"(2.12e+04, 2.943e+04]",12279.0,0.09999348523591589,1403.0,0.11426011890219073,0.11360355145762845,0.0012367634620700028
revol_bal,"(2.943e+04, inf]",12280.0,0.10000162869102103,1228.0,0.1,0.2628309035189729,0.006258043123963339
revol_util,"(-inf, 20.9]",12304.0,0.1001970716135442,1085.0,0.08818270481144343,0.40158079526531937,0.013889300588902937
revol_util,"(20.9, 33.6]",12292.0,0.1000993501522826,1269.0,0.1032378782948259,0.22737440527211086,0.004751304983863929
revol_util,"(33.6, 42.8]",12282.0,0.10001791560123129,1422.0,0.11577918905715681,0.09868463672307073,0.0009387390407482523
revol_util,"(42.8, 50.6]",12258.0,0.09982247267870813,1492.0,0.12171643008647413,0.04195506505971407,0.00017298706024146401
revol_util,"(50.6, 57.7]",12224.0,0.09954559520513363,1516.0,0.12401832460732984,0.02060094026179749,4.19262306702114e-05
revol_util,"(57.7, 64.6]",12244.0,0.09970846430723627,1531.0,0.1250408363279974,0.011225150947758927,1.2512075997297395e-05
revol_util,"(64.6, 71.5]",12427.0,0.10119871659147543,1693.0,0.13623561599742495,-0.08736636986839849,0.0007980474818123323
revol_util,"(71.5, 78.9]",12171.0,0.09911399208456163,1758.0,0.14444170569386247,-0.1553899618551578,0.0025355421983434467
revol_util,"(78.9, 87.3]",12290.0,0.10008306324207235,1776.0,0.14450772986167615,-0.1559217097925147,0.002578389153133342
revol_util,"(87.3, inf]",12169.0,0.09909770517435137,1947.0,0.15999671295915852,-0.27598715572629734,0.00835778142498719
revol_util,Missing,137.0,0.0011156533494030847,21.0,0.15328467153284672,-0.24419349234805338,7.334109747930169e-05
delinq_2yrs,"(-inf, 0]",104659.0,0.8522858678480105,13208.0,0.12620032677552814,0.0009163851415965376,7.15478826713085e-07
delinq_2yrs,"(0, inf]",18115.0,0.1475186892294663,2300.0,0.12696660226331768,-0.006167849020873755,5.6252168042031375e-06
delinq_2yrs,Missing,24.0,0.00019544292252316812,2.0,0.08333333333333333,0.2631927471160278,1.2772631754023881e-05
pub_rec,"(-inf, 0]",111869.0,0.9110001791560123,13989.0,0.12504804726957425,0.011408468412550003,0.0001180659744761953
pub_rec,"(0, inf]",10905.0,0.08880437792146452,1519.0,0.13929390187987162,-0.11314067681262255,0.0011857411155541263
pub_rec,Missing,24.0,0.00019544292252316812,2.0,0.08333333333333333,0.2631927471160278,1.2772631754023881e-05
mort_acc,"(-inf, 0]",42910.0,0.34943565856121434,6483.0,0.1510836634817059,-0.20796833432112102,0.016323555575856286
mort_acc,"(0, 1]",15556.0,0.12667958761543346,1910.0,0.12278220622267935,0.03208626037081917,0.0001288722834147925
mort_acc,"(1, 2]",11920.0,0.0970699848531735,1264.0,0.10604026845637583,0.19746141727108188,0.0035144314299969093
mort_acc,"(2, 3]",8925.0,0.07268033681330315,907.0,0.10162464985994397,0.244781254589666,0.0039721755303156765
mort_acc,"(3, 5]",11166.0,0.09092981970390397,1052.0,0.09421457997492387,0.32876992106601827,0.008684406256780275
mort_acc,"(5, inf]",6181.0,0.05033469600482093,571.0,0.09237987380682737,0.3500988076498641,0.005407846957343094
mort_acc,Missing,26140.0,0.21286991644815062,3323.0,0.12712318286151492,-0.007522489310795834,1.2080212671337598e-05
home_ownership,OTHER,161.0,0.0013110962719262529,28.0,0.17391304347826086,-0.38983443965449216,0.00023125361354675098
home_ownership,RENT,54800.0,0.4462613397612339,8011.0,0.14618613138686132,-0.16925102090898705,0.013612267728538874
home_ownership,OWN,10284.0,0.08374729230117754,1366.0,0.13282769350447296,-0.05815678558995628,0.00028948845135302675
home_ownership,MORTGAGE,57553.0,0.4686802716656623,6105.0,0.10607613851580283,0.1973594728249758,0.016950638599937562
purpose,small_business,2466.0,0.020081760289255526,554.0,0.22465531224655313,-0.6959320713099224,0.012474774728086108
purpose,other,7452.0,0.0606850274434437,1207.0,0.1619699409554482,-0.29072273234095547,0.005709946578517875
purpose,OTHER,3052.0,0.02485382498086288,480.0,0.15727391874180865,-0.25622559092233405,0.0017942182757954997
purpose,medical,1338.0,0.010895942930666624,209.0,0.156203288490284,-0.249225233674326,0.0007426104841500314
purpose,debt_consolidation,67125.0,0.5466294239319859,8708.0,0.12972811918063315,-0.030715887929817866,0.0005216808672694353
purpose,wedding,1373.0,0.011180963859346244,160.0,0.11653313911143481,0.08893825237639405,8.56044309783734e-05
purpose,home_improvement,7002.0,0.0570204726461343,784.0,0.11196800914024564,0.13620559670051682,0.0010052715296020368
purpose,credit_card,27857.0,0.22685222886366227,2906.0,0.10431848368453171,0.2159525022513996,0.009754658508866329
purpose,car,1860.0,0.01514682649554553,185.0,0.09946236559139784,0.26678019490968374,0.0009755667766337085
purpose,major_purchase,3273.0,0.026653528559097053,317.0,0.09685304002444241,0.2972517667079466,0.002106327745972742
verification_status,Verified,43778.0,0.35650417759246894,5676.0,0.12965416419205994,-0.030086779064775113,0.0003263648342067559
verification_status,Not Verified,52299.0,0.4258945585432988,6548.0,0.12520315876020574,0.009956732061785947,4.2065644328614414e-05
verification_status,Source Verified,26721.0,0.2176012638642323,3286.0,0.12297443957935705,0.03039696781451485,0.00019879236640444226
